,yesNo,fileNames
27,1.0,Y182.JPG
74,1.0,Y250.jpg
193,0.0,34 no.jpg
139,1.0,Y158.JPG
173,0.0,No11.jpg
212,0.0,40 no.jpg
164,0.0,no.jpg
97,1.0,Y114.JPG
237,0.0,N5.jpg
33,1.0,Y96.jpg
165,0.0,3 no.jpg
154,1.0,Y166.JPG
18,1.0,Y78.jpg
250,0.0,48 no.jpeg
119,1.0,Y105.jpg
51,1.0,Y184.JPG
226,0.0,no 94.jpg
69,1.0,Y33.jpg
247,0.0,27 no.jpg
63,1.0,Y25.jpg
241,0.0,4 no.jpg
136,1.0,Y148.JPG
21,1.0,Y45.JPG
117,1.0,Y29.jpg
236,0.0,13 no.jpg
103,1.0,Y249.JPG
188,0.0,45 no.jpg
3,1.0,Y180.jpg
62,1.0,Y31.jpg
111,1.0,Y258.JPG
19,1.0,Y50.JPG
25,1.0,Y92.jpg
90,1.0,Y115.JPG
238,0.0,6 no.jpg
39,1.0,Y54.jpg
38,1.0,Y40.JPG
107,1.0,Y113.JPG
118,1.0,Y15.jpg
44,1.0,Y3.jpg
86,1.0,Y34.jpg
130,1.0,Y59.JPG
120,1.0,Y111.JPG
211,0.0,31 no.jpg
61,1.0,Y30.jpg
227,0.0,No21.jpg
32,1.0,Y192.JPG
41,1.0,Y193.JPG
134,1.0,Y58.JPG
170,0.0,N15.jpg
214,0.0,17 no.jpg
249,0.0,no 6.jpg
160,0.0,18 no.jpg
114,1.0,Y104.jpg
35,1.0,Y55.jpg
145,1.0,Y75.JPG
28,1.0,Y155.JPG
229,0.0,N6.jpg
221,0.0,33 no.jpg
77,1.0,Y22.jpg
37,1.0,Y69.jpg
213,0.0,23 no.jpg
143,1.0,Y49.JPG
235,0.0,no 2.jpg
201,0.0,9 no.jpg
156,0.0,22 no.jpg
179,0.0,N17.jpg
73,1.0,Y254.jpg
95,1.0,Y38.jpg
141,1.0,Y74.jpg
84,1.0,Y21.jpg
209,0.0,N22.JPG
246,0.0,N3.jpg
131,1.0,Y71.JPG
14,1.0,Y156.JPG
47,1.0,Y81.jpg
230,0.0,29 no.jpg
76,1.0,Y36.JPG
200,0.0,No14.jpg
158,0.0,14 no.jpg
191,0.0,No17.jpg
57,1.0,Y242.JPG
192,0.0,49 no.jpg
239,0.0,no 1.jpg
215,0.0,N26.JPG
16,1.0,Y154.jpg
24,1.0,Y86.JPG
112,1.0,Y112.JPG
85,1.0,Y35.jpg
17,1.0,Y183.jpg
251,0.0,11 no.jpg
178,0.0,N16.jpg
9,1.0,Y91.jpg
60,1.0,Y24.jpg
208,0.0,19 no.jpg
20,1.0,Y44.JPG
5,1.0,Y47.JPG
245,0.0,39 no.jpg
54,1.0,Y153.jpg
124,1.0,Y73.jpg
248,0.0,35 no.jpg
70,1.0,Y27.jpg
115,1.0,Y14.jpg
129,1.0,Y161.JPG
231,0.0,25 no.jpg
106,1.0,Y107.jpg
243,0.0,no 4.jpg
100,1.0,Y248.JPG
161,0.0,no 9.png
176,0.0,No13.jpg
13,1.0,Y7.jpg
196,0.0,No15.jpg
151,1.0,Y76.jpg
34,1.0,Y82.jpg
108,1.0,Y259.JPG
177,0.0,44no.jpg
40,1.0,Y97.JPG
175,0.0,12 no.jpg
252,0.0,N2.JPG
204,0.0,N20.JPG
7,1.0,Y52.jpg
1,1.0,Y6.jpg
185,0.0,No16.jpg
220,0.0,No22.jpg
157,0.0,41 no.jpg
180,0.0,28 no.jpg
234,0.0,46 no.jpg
140,1.0,Y9.jpg
216,0.0,no 96.jpg
159,0.0,no 10.jpg
162,0.0,no 7.jpeg
36,1.0,Y41.jpg
122,1.0,Y99.JPG
49,1.0,Y42.jpg
4,1.0,Y90.jpg
197,0.0,5 no.jpg
138,1.0,Y170.JPG
91,1.0,Y101.jpg
133,1.0,Y70.jpg
135,1.0,Y160.JPG
205,0.0,N21.jpg
207,0.0,15 no.jpg
64,1.0,Y19.JPG
2,1.0,Y194.jpg
68,1.0,Y255.JPG
79,1.0,Y37.jpg
137,1.0,Y164.JPG
155,0.0,30 no.jpg
223,0.0,No20.jpg
30,1.0,Y169.jpg
26,1.0,Y92.png
225,0.0,N19.JPG
67,1.0,Y109.JPG
0,1.0,Y157.JPG
10,1.0,Y85.JPG
11,1.0,Y181.jpg
23,1.0,Y79.jpg
29,1.0,Y4.jpg
31,1.0,Y186.jpg
42,1.0,Y187.jpg
43,1.0,Y1.jpg
45,1.0,Y146.JPG
52,1.0,Y2.jpg
53,1.0,Y147.JPG
56,1.0,Y120.JPG
58,1.0,Y256.JPG
65,1.0,Y257.jpg
66,1.0,Y243.JPG
71,1.0,Y26.jpg
78,1.0,Y23.JPG
80,1.0,Y245.jpg
83,1.0,Y253.JPG
87,1.0,Y20.jpg
93,1.0,Y11.jpg
96,1.0,Y100.JPG
98,1.0,Y102.jpg
99,1.0,Y116.JPG
104,1.0,Y117.JPG
113,1.0,Y106.jpg
123,1.0,Y66.JPG
125,1.0,Y67.JPG
127,1.0,Y188.jpg
128,1.0,Y163.JPG
147,1.0,Y159.JPG
149,1.0,Y167.JPG
150,1.0,Y77.jpg
163,0.0,no 8.jpg
166,0.0,43 no.jpg
167,0.0,20 no.jpg
168,0.0,32 no.jpg
169,0.0,2 no.jpeg
171,0.0,no 99.jpg
182,0.0,No12.jpg
184,0.0,24 no.jpg
186,0.0,10 no.jpg
187,0.0,26 no.jpg
195,0.0,no 100.jpg
199,0.0,no 89.jpg
202,0.0,No19.jpg
210,0.0,no 92.jpg
217,0.0,no 97.jpg
242,0.0,8 no.jpg
244,0.0,N1.JPG
